Date,Hour,FAFFD,FALIF,FALJI,FAMXK,FAYJG,FAZKI,FBKKK,FBLJL,FBLKS,FCAEN,FCCOT,FCFUU,FCGKZ,FCIBD,FCKTB,FCNJT,FCTOV,FCWFX,FCWOV,FCWYG,FDATE,FDCHU,FDEGT,FDGED,FDGEJ,FDGEM,FDJFN,FDMOP,FDQBU,FDQBX,FDSUS,FDZCP,FEAKO,FEARV,FEBWC,FEUTC,FEUZB,FEVJR,FEVJS,FEVJV,FEVNS,FEVNT
2020-06-20,06,,2.67,1.29,3.22,2.67,2.27,2.55,2.79,3.15,1.50,2.39,3.26,2.92,2.36,3.45,2.77,3.78,1.33,,3.57,2.77,2.45,2.77,2.91,3.19,2.74,2.45,2.10,3.04,3.94,2.98,3.66,2.36,3.94,2.33,3.51,3.50,2.44,3.32,1.80,2.80,2.69
2020-06-20,05,,2.81,1.57,3.38,3.15,2.45,2.79,2.93,3.30,1.54,2.48,3.43,3.18,2.40,3.27,2.83,3.77,1.36,,3.49,2.87,2.52,2.85,3.19,3.28,2.91,2.55,2.25,3.10,4.10,3.12,4.05,2.75,3.75,2.71,3.74,3.49,2.58,3.20,1.91,2.92,2.74
2020-06-20,04,,2.77,1.96,3.42,3.62,2.68,2.93,3.10,3.31,1.58,2.70,3.52,3.21,2.57,3.32,2.86,3.68,1.46,,3.68,2.88,2.74,2.87,3.24,3.25,3.07,2.70,2.70,3.27,3.62,3.35,4.25,3.13,3.70,2.77,3.85,3.47,2.75,3.03,2.08,3.05,2.77
2020-06-20,03,,2.68,2.26,3.56,4.03,2.90,2.95,3.39,3.27,1.79,2.92,3.63,3.18,2.80,3.37,2.99,3.68,1.57,,3.92,3.07,2.96,3.03,3.23,3.25,3.27,2.84,3.16,3.43,3.70,3.72,4.35,3.39,3.73,2.70,3.92,3.60,2.83,2.85,2.38,3.20,2.83
2020-06-20,02,,2.95,2.62,3.62,4.04,3.10,3.10,3.49,3.27,2.01,3.08,3.85,3.26,3.07,3.38,3.43,3.67,1.71,3.98,4.20,3.62,3.19,3.52,3.13,3.26,3.43,3.00,3.57,3.56,3.75,4.08,4.40,3.51,3.81,2.59,4.02,3.72,2.89,2.90,2.72,3.32,2.92
2020-06-20,01,,3.48,3.00,3.69,4.08,3.11,2.96,3.60,3.34,2.36,3.11,4.02,3.40,3.28,3.34,4.10,3.69,1.77,4.05,4.24,4.16,3.40,4.13,3.11,3.36,3.75,3.08,3.72,3.60,3.80,4.25,4.56,3.52,3.86,2.54,4.05,3.74,2.88,3.01,2.93,3.45,3.01
2020-06-20,00,,3.98,3.38,3.79,4.34,2.99,2.52,3.74,3.52,2.78,2.99,4.06,3.58,3.49,3.35,4.75,3.62,1.77,4.08,4.39,4.60,3.59,4.67,2.91,3.31,4.46,3.05,3.65,3.57,3.84,4.23,4.66,3.58,3.82,2.83,4.04,3.78,2.85,3.08,3.08,3.62,3.04
2020-06-19,23,,4.29,3.38,3.88,4.32,2.95,2.55,3.90,3.53,3.00,2.96,4.10,3.65,3.56,3.36,4.59,3.67,1.79,4.05,4.37,4.45,3.53,4.52,2.83,3.31,4.65,2.99,3.61,3.56,3.80,4.20,4.61,3.73,3.78,2.89,3.82,3.77,2.89,3.00,3.15,3.66,2.99
2020-06-19,22,,4.63,3.33,4.15,4.25,2.87,2.72,3.87,3.56,3.16,2.88,4.21,3.82,3.69,3.43,4.28,3.74,1.82,4.00,4.54,4.04,3.50,4.16,2.89,3.27,4.81,2.88,3.60,3.58,3.77,4.12,4.55,4.02,3.78,2.98,3.52,3.83,2.93,2.94,3.28,3.64,2.90
2020-06-19,21,,4.79,3.40,4.46,4.16,2.72,3.02,4.07,3.70,3.34,2.81,4.26,4.45,3.80,3.49,4.07,3.80,1.97,4.00,4.57,3.58,3.62,3.83,3.01,3.50,4.91,2.87,3.78,3.74,4.07,3.90,4.45,4.71,3.75,2.95,3.39,3.97,2.99,2.88,3.45,3.80,2.83
2020-06-19,20,,6.50,3.55,4.61,4.08,2.56,3.30,4.19,3.90,3.26,2.72,4.31,4.91,3.78,4.06,3.83,3.74,1.98,4.01,4.76,3.19,3.91,3.51,3.09,3.59,4.95,2.88,4.26,4.08,4.66,3.91,4.31,5.14,3.71,2.90,3.47,4.39,2.93,2.95,3.62,4.00,2.84
2020-06-19,19,,4.32,3.64,4.61,4.02,2.53,3.36,4.42,4.17,3.25,2.64,4.35,6.50,3.55,4.41,3.63,3.64,1.91,3.97,4.80,3.29,4.18,3.46,2.87,3.63,4.95,2.88,4.69,4.41,4.72,3.94,4.11,5.11,3.67,2.87,3.64,4.59,2.84,3.09,3.72,4.26,2.90
2020-06-19,18,3.24,3.74,3.39,4.15,3.69,2.87,3.03,3.88,3.96,3.06,2.51,4.46,4.18,2.98,4.23,3.40,3.60,1.58,3.86,4.83,3.46,4.09,3.43,2.67,3.48,4.45,2.81,4.48,4.61,3.52,4.10,3.94,4.13,3.78,2.99,3.71,4.30,2.59,3.19,3.70,3.98,2.89
2020-06-19,17,3.24,3.82,3.15,3.84,3.52,3.03,3.00,3.47,3.61,3.01,2.43,4.22,4.04,3.00,4.01,3.44,3.77,1.64,3.73,4.70,3.45,3.75,3.45,2.84,3.50,4.34,2.75,4.09,4.30,3.48,3.98,3.91,3.98,3.74,3.08,3.62,4.12,2.45,3.10,3.53,3.61,2.76
2020-06-19,16,,3.89,2.76,3.42,3.18,2.93,2.89,2.86,3.01,2.92,2.29,3.72,3.75,2.90,3.83,3.64,3.98,1.80,3.47,4.47,3.63,3.28,3.63,2.95,3.38,4.12,2.60,3.41,3.90,3.55,3.62,3.73,3.70,3.64,3.18,3.34,3.94,2.17,2.92,3.09,3.05,2.51
2020-06-19,15,,3.70,2.66,3.40,2.88,2.38,2.85,2.55,2.74,2.90,2.15,3.04,3.51,2.78,3.70,3.76,4.09,2.18,3.17,4.18,3.92,2.99,3.84,2.89,3.15,4.05,2.41,2.90,3.38,3.79,3.16,3.38,3.44,3.50,3.14,3.00,3.76,1.93,2.58,2.45,2.76,2.27
2020-06-19,14,,3.34,2.64,3.53,2.58,1.54,2.65,2.54,2.78,2.55,1.97,2.54,3.26,2.51,3.58,3.46,4.00,2.44,2.80,3.87,3.82,2.86,3.64,2.66,2.67,4.18,2.22,2.51,3.22,3.75,2.68,3.04,3.05,3.26,2.92,2.74,3.60,1.76,2.13,1.76,2.73,2.06
2020-06-19,13,3.64,2.88,2.25,3.56,2.27,1.00,2.25,2.72,3.15,1.79,1.84,2.30,2.88,2.09,3.47,2.67,3.89,2.61,2.35,3.47,3.32,2.65,2.99,2.57,2.11,4.38,2.10,1.98,2.99,,2.23,2.66,2.17,2.94,2.30,2.52,3.23,1.59,1.51,1.18,2.84,1.95
2020-06-19,12,3.72,2.87,2.11,3.56,2.32,1.00,2.23,2.70,3.16,1.70,1.91,2.35,2.88,2.09,3.58,2.97,3.62,2.71,2.38,3.38,3.48,2.63,3.23,2.55,2.11,4.13,2.10,1.96,2.88,2.84,2.18,2.66,2.09,3.01,2.26,2.44,3.17,1.56,1.54,1.34,2.83,2.04
2020-06-19,11,3.60,2.91,1.85,3.63,2.17,1.00,2.22,2.87,3.19,1.60,2.08,2.40,2.85,2.07,3.72,3.29,3.49,2.89,2.48,3.26,3.61,2.55,3.45,2.63,2.17,3.85,2.12,1.95,2.74,2.74,2.14,2.66,1.93,3.33,2.18,2.39,3.11,1.57,1.59,1.55,2.87,2.21
2020-06-19,10,3.40,3.00,1.92,3.63,2.00,1.02,2.36,3.06,3.18,1.59,2.22,2.45,2.85,2.21,3.72,3.43,3.39,3.05,2.66,3.27,3.53,2.60,3.48,2.64,2.28,3.85,2.21,2.10,2.73,2.86,2.26,2.78,1.97,3.93,2.28,2.45,3.14,1.64,1.63,1.84,2.95,2.49
2020-06-19,09,3.19,3.13,2.08,3.67,1.96,1.19,2.51,3.25,3.24,1.66,2.36,2.55,2.94,2.41,3.84,3.10,3.66,3.22,2.90,3.31,3.16,2.70,3.13,2.65,2.37,3.84,2.36,2.13,2.84,3.07,2.50,2.96,2.05,4.12,2.35,2.47,3.26,1.71,1.57,1.98,3.06,2.78
2020-06-19,08,3.18,3.33,2.34,3.64,2.18,1.37,2.73,3.36,3.42,1.84,2.36,2.73,3.18,2.44,4.05,2.75,3.74,3.40,3.08,3.45,2.89,2.99,2.82,2.65,2.38,3.68,2.55,2.16,3.08,3.35,2.68,3.32,2.21,4.16,2.48,2.47,3.48,1.72,1.55,2.00,3.25,2.95
2020-06-19,07,3.32,3.74,2.54,3.78,2.72,1.67,3.04,3.45,3.71,2.09,2.34,3.02,3.69,2.36,4.33,2.60,3.64,3.66,3.26,3.61,2.73,3.47,2.66,2.88,2.23,3.39,2.74,,3.48,3.57,2.89,3.99,2.54,3.98,2.80,2.57,3.74,1.73,1.89,1.87,3.54,3.09
2020-06-19,06,3.35,3.72,2.62,3.75,2.81,1.80,3.13,3.43,3.74,2.15,2.44,3.07,3.68,2.36,4.30,2.75,3.60,3.62,3.32,3.76,2.93,3.56,2.84,3.00,2.23,3.54,2.88,2.14,3.52,3.63,3.03,3.99,2.60,3.96,2.90,2.70,3.80,1.84,2.23,1.97,3.57,3.12
2020-06-19,05,3.55,3.75,2.75,3.77,3.10,2.03,3.30,3.52,3.96,2.23,2.61,3.35,3.89,2.46,4.15,2.97,3.54,3.56,3.52,3.94,3.32,3.75,3.15,3.22,2.28,3.74,3.06,2.42,3.56,3.70,3.34,4.08,2.64,3.92,3.07,2.87,3.84,2.43,2.67,2.31,3.74,3.28
2020-06-19,04,3.76,3.75,3.10,3.68,3.47,2.21,3.43,3.79,4.58,2.38,2.82,3.72,3.95,2.60,3.97,3.22,3.54,3.43,3.75,4.01,3.59,3.84,3.41,3.40,2.51,3.78,3.18,2.75,3.66,3.79,3.63,4.12,2.87,4.00,3.23,3.05,3.86,3.04,2.87,2.66,4.07,3.45
2020-06-19,03,4.05,3.78,3.41,3.70,3.87,2.36,3.53,4.25,4.95,2.71,3.03,4.04,3.99,2.86,3.81,3.39,3.59,3.37,3.93,3.96,3.69,4.03,3.54,3.46,2.82,3.73,3.22,3.04,3.71,3.81,4.00,4.20,3.13,4.17,3.34,3.18,3.82,3.52,2.93,2.94,4.41,3.52
2020-06-19,02,4.16,3.78,3.66,3.69,4.13,2.59,3.56,4.42,5.01,3.14,3.24,4.10,3.85,3.14,3.74,3.52,3.65,3.40,4.05,4.05,3.63,4.12,3.57,3.46,3.11,3.71,3.30,3.26,3.73,3.79,4.34,4.32,3.31,4.32,3.36,3.33,3.83,3.47,2.99,3.08,4.51,3.54
2020-06-19,01,4.16,3.81,3.75,3.76,4.14,2.90,3.58,4.44,4.73,3.55,3.33,3.98,3.79,3.36,3.63,3.49,3.65,3.44,4.11,4.11,3.76,4.26,3.63,3.39,3.28,3.79,3.49,3.46,3.69,3.77,4.55,4.41,3.35,4.22,3.40,3.42,3.80,3.48,3.10,3.22,4.47,3.61
2020-06-19,00,4.09,3.75,3.91,3.73,4.10,3.21,3.57,4.35,4.62,3.66,3.35,3.90,3.82,3.50,3.56,3.43,3.62,3.36,4.21,4.37,3.77,4.23,3.60,3.34,3.34,3.88,3.65,3.45,3.63,3.70,4.47,4.52,3.29,3.99,3.48,3.43,3.81,3.54,3.18,3.44,4.40,3.71
2020-06-18,23,4.05,3.76,4.06,3.70,4.07,3.44,3.60,4.53,4.63,3.72,3.30,3.82,3.76,3.52,3.49,3.39,3.59,3.21,4.23,4.50,3.74,4.39,3.57,3.34,3.36,3.88,3.74,3.41,3.54,3.59,4.31,4.55,3.39,3.90,3.68,3.34,3.78,3.59,3.28,3.62,4.52,3.84
2020-06-18,22,3.97,3.69,4.28,3.59,4.10,3.61,3.67,4.73,4.70,3.81,3.29,3.70,3.74,3.50,3.49,3.37,3.61,3.13,4.23,4.67,3.58,4.43,3.47,3.39,3.32,3.98,3.85,3.41,3.42,3.54,4.22,4.57,3.44,3.96,3.92,3.16,3.77,3.47,3.50,3.76,4.62,3.91
2020-06-18,21,3.76,3.75,4.43,3.56,3.98,3.71,3.89,4.66,4.77,3.94,3.26,3.61,3.75,3.50,3.43,3.32,3.58,3.16,4.12,4.68,3.52,4.41,3.42,3.51,3.28,4.05,4.00,3.44,3.27,3.58,4.17,4.43,3.49,4.06,4.17,3.08,3.74,3.33,3.66,3.83,4.61,3.93
2020-06-18,20,3.37,4.01,4.57,3.57,3.65,3.78,4.31,4.33,4.60,3.88,3.26,3.58,3.77,3.53,3.48,3.24,3.39,3.19,3.90,,3.38,4.02,3.31,3.56,3.23,4.13,4.03,3.35,3.12,3.70,3.89,3.93,3.39,3.94,4.06,3.07,3.29,3.20,3.78,3.88,4.32,3.85
2020-06-18,19,3.46,4.21,4.49,3.53,3.55,3.80,4.14,4.42,4.53,3.86,3.26,3.57,3.62,3.57,3.51,3.24,3.39,3.14,3.84,4.58,3.33,3.99,3.29,3.51,3.25,4.14,3.97,3.30,3.05,3.71,3.74,3.83,3.33,3.89,3.95,3.01,3.71,3.14,3.73,3.85,4.31,3.81
2020-06-18,18,3.43,4.30,4.29,3.61,3.33,3.95,3.84,4.37,4.30,3.75,3.14,,3.42,3.56,3.52,3.46,3.41,3.16,3.73,4.49,3.53,3.88,3.49,3.41,3.19,4.13,3.78,3.20,3.02,3.65,3.34,3.62,3.13,3.84,3.69,2.97,3.67,3.02,3.61,3.78,4.18,3.84
2020-06-18,17,3.39,4.19,3.98,3.83,3.11,4.09,3.49,4.32,4.31,3.60,2.94,,3.37,3.51,3.40,3.65,3.46,3.14,3.59,4.17,3.72,3.87,3.69,3.27,3.05,4.23,3.51,3.09,3.03,3.49,3.00,3.47,3.08,3.77,3.57,2.99,3.52,2.91,3.40,3.42,4.17,3.86
2020-06-18,16,3.17,3.95,3.66,4.03,2.87,3.55,3.28,4.20,4.46,3.36,2.71,,3.51,3.29,3.30,3.71,3.54,3.19,3.38,4.15,3.83,3.92,3.77,3.08,2.87,4.21,3.17,2.95,3.09,3.27,2.68,3.29,3.19,3.66,3.44,3.10,3.45,2.81,3.14,2.94,4.20,3.79
2020-06-18,15,3.02,3.78,3.47,4.15,2.65,2.56,3.03,4.20,4.56,3.07,2.50,,3.62,3.00,3.43,3.56,3.56,3.20,3.07,4.28,3.66,3.82,3.61,2.90,2.64,3.97,2.88,2.84,3.11,3.13,2.45,3.03,3.47,3.35,3.23,3.07,3.49,2.75,3.04,2.28,4.19,3.51
2020-06-18,14,2.92,3.49,3.07,3.99,2.36,1.49,2.60,3.86,4.28,2.70,2.23,,3.73,2.72,3.65,3.40,3.48,3.35,2.68,4.49,3.52,3.36,3.46,2.79,2.34,3.82,2.71,2.62,3.10,3.14,2.22,2.81,3.21,2.98,2.90,2.99,3.59,2.60,3.12,1.69,3.84,3.00
2020-06-18,13,,,,,,,,,,,,,,,,,,,,,,,,,,,,,,,,,,,,,,,,,,2.49
2020-06-18,12,,,,,,,,,,,,,,,,,,,,,,,,,,,,,,,,,,,,,,,,,,2.05
2020-06-18,11,,,,,,,,,,,,,,,,,,,,,,,,,,,,,,,,,,,,,,,,,,1.81
2020-06-18,10,2.77,2.64,2.20,4.02,2.12,1.38,1.87,3.04,3.38,1.62,2.00,2.08,3.41,2.18,3.58,2.96,2.47,3.68,2.29,3.55,3.41,2.24,3.18,2.28,1.74,2.94,1.84,1.22,4.08,2.71,1.69,3.15,2.63,3.17,1.96,2.75,3.47,2.52,2.77,1.29,2.88,1.90
2020-06-18,09,2.90,2.72,2.25,3.84,2.12,1.47,1.94,3.09,3.47,1.66,2.00,2.15,3.41,2.15,3.65,3.01,2.59,3.75,2.45,3.79,3.32,2.28,3.17,2.36,1.71,2.93,1.85,1.30,4.02,2.70,1.66,3.11,2.53,3.10,2.02,2.92,3.53,2.47,2.82,1.32,2.94,2.17
2020-06-18,08,3.10,2.89,2.35,3.87,2.16,1.70,2.05,3.18,3.54,1.76,2.04,2.27,3.40,2.17,3.91,3.11,2.78,3.77,2.73,3.17,3.24,2.41,3.17,2.51,1.88,2.96,1.90,1.34,4.03,2.67,1.88,3.24,2.48,3.16,2.14,3.08,3.44,2.33,3.02,1.46,3.04,2.61
2020-06-18,07,3.18,3.13,2.42,3.84,2.34,1.97,2.33,3.36,3.63,1.93,2.09,2.40,3.29,2.38,4.11,3.23,2.95,3.67,2.80,3.81,3.33,2.69,3.28,2.69,2.13,3.20,2.00,1.44,3.87,2.67,2.05,3.47,2.41,3.18,2.32,3.41,3.61,2.24,3.32,1.60,3.23,2.94
2020-06-18,06,3.14,3.27,2.51,3.99,2.63,2.21,2.54,3.48,3.72,2.17,2.19,2.66,3.24,2.72,3.78,3.49,3.05,3.46,3.07,4.82,3.51,3.05,3.50,2.85,2.50,3.53,2.25,1.58,3.75,2.71,2.33,3.77,2.43,3.17,2.50,3.54,3.76,2.35,3.69,1.80,3.42,3.18
2020-06-18,05,3.26,3.38,2.71,3.90,3.17,2.35,2.74,3.64,3.85,2.46,2.54,2.95,3.25,2.79,3.02,3.77,3.13,3.50,3.56,4.99,3.94,3.29,3.85,2.97,2.72,3.66,2.63,1.83,3.51,2.83,2.28,3.89,2.45,3.12,2.75,3.61,3.58,2.68,4.09,2.08,3.59,3.19
2020-06-18,04,3.64,3.36,3.01,3.85,3.60,2.44,2.93,3.68,3.86,2.60,2.81,3.15,3.38,2.88,3.45,3.88,3.19,3.43,3.87,5.12,4.13,3.47,4.01,3.08,2.94,3.66,2.97,2.26,3.39,2.95,2.53,3.86,2.51,3.14,2.94,3.48,3.72,2.95,4.30,2.32,3.67,3.20
2020-06-18,03,4.06,3.39,3.37,3.79,3.87,2.57,3.11,3.71,3.82,2.78,3.23,3.19,3.43,2.94,3.26,3.72,3.16,3.54,3.80,4.92,4.22,3.59,3.97,3.19,3.10,3.51,3.18,2.72,3.35,3.10,2.94,3.83,2.72,3.34,3.19,3.43,3.65,3.08,4.29,2.59,3.71,3.22
2020-06-18,02,4.32,3.34,3.75,3.63,3.88,2.71,3.36,3.71,3.80,3.04,3.23,3.19,3.43,3.18,3.21,3.56,3.12,3.47,3.60,4.42,3.97,3.65,3.77,3.49,3.27,3.42,3.30,3.07,3.21,3.20,3.46,3.92,2.89,3.53,3.53,3.40,3.51,3.08,3.82,2.80,3.72,3.30
2020-06-18,01,4.24,3.37,3.88,3.47,3.98,2.94,3.66,3.81,3.93,3.40,3.31,3.12,3.31,3.39,3.23,3.63,3.10,3.54,3.61,4.14,3.99,3.68,3.81,3.87,3.36,3.37,3.44,3.36,3.14,3.35,3.72,4.10,2.99,3.74,3.98,3.40,3.46,3.08,3.42,3.01,3.80,3.41
2020-06-18,00,4.12,3.53,3.90,3.29,4.13,3.14,3.91,3.90,4.13,3.62,3.13,3.05,3.27,3.63,3.34,3.81,3.10,3.58,3.77,4.44,3.99,3.66,3.90,4.18,3.40,3.55,3.56,3.45,2.96,3.56,3.71,4.21,2.94,3.89,4.31,3.42,3.57,3.02,3.17,3.14,3.90,3.49
2020-06-17,23,3.95,3.65,3.77,3.25,4.20,3.33,3.98,4.10,4.29,3.72,3.09,3.03,3.35,3.79,3.38,3.90,3.09,3.63,3.70,4.70,4.01,3.70,3.96,4.24,3.35,3.82,3.67,3.47,3.01,3.70,3.68,4.18,3.01,4.00,4.43,3.54,3.69,2.91,3.18,3.18,4.03,3.50
2020-06-17,22,3.72,3.48,3.76,3.19,3.91,3.44,4.00,4.65,4.57,3.78,2.99,3.00,3.45,3.64,3.17,3.91,3.13,3.69,3.49,4.52,3.90,3.62,3.90,4.07,3.41,4.00,3.72,3.33,3.11,3.67,3.61,3.96,3.08,3.97,4.26,3.78,3.61,2.71,3.16,3.22,4.28,3.41
2020-06-17,21,3.62,3.44,3.86,3.32,3.73,3.45,3.97,4.66,4.62,3.73,2.97,2.96,3.37,3.57,3.17,3.89,3.14,3.64,3.48,4.49,3.89,3.62,3.89,3.99,3.34,3.92,3.63,3.24,3.02,3.61,3.62,3.87,3.03,3.90,4.08,3.77,3.57,2.69,3.19,3.25,4.30,3.28
2020-06-17,20,3.48,3.42,3.75,3.33,3.51,3.47,3.83,4.61,4.82,3.71,2.97,2.87,3.24,3.43,3.17,3.79,3.15,3.48,3.45,4.57,3.77,3.68,3.78,3.75,3.43,3.81,3.58,3.15,2.89,3.54,3.63,3.77,2.88,3.73,3.84,3.77,3.54,2.60,3.26,3.32,4.37,3.14
2020-06-17,19,3.32,3.56,3.72,,3.39,3.48,3.62,4.34,4.61,3.71,2.99,2.79,3.17,3.35,3.24,3.60,3.13,3.35,3.35,4.47,3.62,3.68,3.61,3.53,3.27,3.70,3.45,3.03,2.78,3.42,3.69,3.55,2.79,3.62,3.69,3.62,3.47,2.58,3.23,3.30,4.21,3.04
2020-06-17,18,3.22,3.69,3.52,,3.22,3.47,3.35,3.93,4.37,3.69,2.99,2.74,3.07,3.24,3.15,3.40,3.05,3.31,3.25,4.07,3.51,3.56,3.45,3.30,3.26,3.57,3.32,2.95,2.72,3.28,3.44,3.32,2.68,3.47,3.54,3.43,3.30,2.60,3.15,3.14,3.95,2.95
2020-06-17,17,3.02,3.79,3.39,,2.96,3.44,3.11,3.67,3.96,3.52,2.89,2.75,3.02,3.04,3.20,3.28,2.94,3.31,3.14,4.05,3.50,3.43,3.39,3.16,2.99,3.46,3.13,2.83,2.66,3.12,2.93,3.09,2.64,3.27,3.35,3.22,3.25,2.74,3.01,2.86,3.69,2.90
2020-06-17,16,2.87,3.72,3.22,,2.64,3.23,2.87,3.54,3.85,3.20,2.63,2.81,3.03,2.76,3.33,3.19,2.81,3.28,3.04,3.96,3.41,3.46,3.30,3.02,2.75,3.33,2.95,2.78,2.62,3.01,2.38,2.89,2.61,2.94,3.16,2.98,3.23,2.82,2.80,2.58,3.62,2.82
2020-06-17,15,2.98,3.43,3.04,,2.41,2.66,2.55,3.55,3.75,2.84,2.32,2.67,3.11,2.45,3.62,3.09,2.76,3.27,2.81,4.46,3.32,3.44,3.21,2.81,2.27,3.44,2.77,2.65,2.67,2.93,1.95,2.73,2.64,2.58,3.01,2.74,3.41,2.62,2.51,2.18,3.58,2.71
2020-06-17,14,2.84,2.73,2.35,2.81,2.07,1.24,1.92,3.17,3.63,2.25,1.79,2.01,3.06,2.07,3.53,2.99,2.95,3.15,2.38,4.98,3.13,2.94,3.06,2.46,1.71,3.67,2.35,2.21,2.92,2.69,1.53,2.38,2.25,2.40,2.46,2.51,3.52,2.03,2.14,1.31,3.25,2.35
2020-06-17,13,2.63,2.62,2.10,2.76,2.01,1.09,1.75,2.97,3.48,1.97,1.71,1.97,2.92,2.05,3.62,3.00,2.86,3.11,2.26,4.68,3.07,2.60,3.03,2.40,1.58,3.55,2.19,1.99,2.98,2.56,1.62,2.34,2.21,2.46,2.17,2.62,3.46,2.03,1.96,1.14,3.02,2.13
2020-06-17,12,2.14,2.41,1.73,2.63,1.95,1.00,1.52,2.72,3.11,1.70,1.59,1.73,2.77,2.02,3.45,3.05,2.79,3.03,2.11,3.99,3.02,2.21,3.04,2.24,1.31,3.26,1.81,1.70,2.98,2.42,1.69,2.22,1.99,2.35,1.76,2.65,3.21,2.05,1.80,1.00,2.68,1.82
2020-06-17,11,2.09,2.27,1.70,2.62,1.96,1.00,1.47,2.69,2.87,1.57,1.68,1.67,2.62,2.06,3.53,3.10,2.62,3.08,2.04,3.36,2.92,1.97,3.01,2.13,1.13,2.94,1.65,1.59,3.02,2.43,1.77,2.20,2.06,2.02,1.67,2.59,3.08,2.13,1.60,1.00,2.51,1.63
2020-06-17,10,2.08,2.20,1.68,2.63,1.91,1.08,1.54,2.78,2.78,1.65,1.78,1.56,2.58,2.11,3.38,3.19,2.51,3.18,2.04,3.08,2.86,2.05,3.02,2.10,1.16,2.72,1.50,1.53,3.10,2.51,1.77,2.35,2.12,1.80,1.75,2.39,3.02,2.20,1.57,1.11,2.53,1.68
2020-06-17,09,2.14,2.19,1.67,2.67,1.82,1.20,1.59,2.92,2.91,1.66,1.88,1.74,2.51,2.12,3.59,3.16,2.45,3.21,2.09,3.27,2.85,2.15,3.00,2.19,1.34,2.79,1.58,1.49,3.29,2.51,1.88,2.58,2.09,1.87,1.87,2.23,3.16,2.19,1.57,1.31,2.66,1.89
2020-06-17,08,2.22,2.32,1.93,2.85,1.70,1.33,1.81,3.05,3.02,1.81,1.92,2.06,2.55,2.19,3.85,3.06,2.43,3.29,2.13,,3.10,2.34,3.07,2.25,1.54,2.83,1.57,1.42,3.28,2.36,1.95,2.77,2.07,2.07,2.03,2.29,3.07,2.21,1.84,1.43,2.80,2.14
2020-06-17,07,2.44,2.47,2.25,2.99,1.77,1.43,2.11,3.13,3.09,1.99,2.03,2.62,2.60,2.26,3.82,2.83,2.56,3.30,2.18,,3.29,2.57,3.06,2.37,1.72,2.90,1.80,1.38,3.08,2.20,2.03,2.97,1.93,2.25,2.26,2.47,3.11,2.25,2.18,1.45,2.93,2.30
2020-06-17,06,2.56,2.64,2.56,3.12,2.01,1.56,2.49,3.05,3.11,2.14,2.14,3.03,2.67,2.31,3.48,2.72,2.78,3.38,2.20,3.52,3.28,2.92,3.00,2.53,1.97,2.91,2.20,1.48,2.92,2.26,2.09,3.23,1.98,2.49,2.45,2.85,3.04,2.39,2.39,1.42,3.02,2.48
2020-06-17,05,2.68,2.71,2.66,3.08,2.42,1.66,2.75,3.08,3.13,2.20,2.30,3.18,2.68,2.44,3.01,2.78,2.99,3.45,2.44,3.48,3.18,3.20,2.98,2.79,2.25,2.98,2.53,1.70,2.83,2.54,2.30,3.22,2.09,2.75,2.59,3.16,2.96,2.46,2.40,1.42,3.14,2.54
2020-06-17,04,3.06,2.76,2.83,3.12,2.97,1.85,3.01,3.15,3.16,2.31,2.50,3.10,2.71,2.61,2.85,2.98,3.10,3.59,2.67,3.32,3.14,3.39,3.06,2.96,2.41,3.01,2.73,2.05,2.80,2.88,2.56,3.25,2.27,2.95,2.76,3.35,2.96,2.57,2.34,1.63,3.23,2.67
2020-06-17,03,3.92,2.80,3.20,3.29,3.75,2.17,3.40,3.54,3.13,2.91,2.84,3.17,2.79,2.92,2.84,3.33,3.06,3.65,3.04,3.14,3.40,3.45,3.37,3.13,2.47,2.95,2.70,2.51,2.60,3.76,2.81,3.36,2.57,3.02,3.09,3.41,3.08,2.53,2.58,2.04,3.37,2.82
2020-06-17,02,3.71,2.90,3.37,3.27,3.65,2.25,3.43,3.61,3.12,3.21,2.85,3.20,2.80,2.97,2.90,3.49,3.05,3.60,3.11,3.14,3.50,3.52,3.50,3.16,2.47,3.05,2.71,2.65,2.59,3.56,2.85,3.44,2.63,3.00,3.14,3.43,3.05,2.45,2.52,2.14,3.42,2.90
2020-06-17,01,3.49,3.13,3.66,3.26,3.51,2.43,3.50,3.85,3.23,3.67,2.87,3.27,2.82,3.08,3.09,3.68,3.01,3.45,3.24,3.12,3.73,3.58,3.71,3.18,2.46,3.23,2.77,2.79,2.57,3.64,2.88,3.61,2.74,3.04,3.22,3.55,3.10,2.23,2.55,2.32,3.55,2.98
2020-06-17,00,3.22,3.27,3.79,3.24,3.25,2.57,3.46,3.85,3.38,3.83,2.85,3.19,2.84,3.23,3.24,3.75,2.99,3.32,3.26,3.34,3.72,3.59,3.74,3.15,2.51,3.36,2.85,2.85,2.63,3.26,2.86,3.66,2.76,3.12,3.25,3.57,3.11,2.14,2.43,2.46,3.60,3.02
2020-06-16,23,3.17,3.29,3.86,3.24,3.18,2.65,3.36,3.92,3.71,3.76,2.82,3.09,2.81,3.34,3.27,3.69,2.94,3.22,3.21,3.45,3.69,3.53,3.69,3.05,2.62,3.34,2.93,2.80,2.64,3.23,2.80,3.64,2.74,3.20,3.20,3.59,3.14,2.11,2.55,2.50,3.72,3.06
2020-06-16,22,,3.13,3.85,3.26,3.15,2.63,3.22,3.88,3.86,3.58,2.76,2.94,2.77,3.36,3.11,3.59,2.87,3.17,3.14,3.51,3.59,3.41,3.59,2.92,2.63,3.17,2.94,2.75,2.67,3.08,2.77,3.60,2.73,3.14,3.10,3.51,3.09,2.22,2.73,2.50,3.71,3.11
2020-06-16,21,,2.97,3.74,3.13,3.10,2.61,3.08,3.84,3.89,3.39,2.71,2.80,2.75,3.27,2.94,3.54,2.77,3.21,3.05,3.42,3.55,3.31,3.54,2.77,2.60,2.98,2.92,2.68,2.55,2.95,2.75,3.60,2.69,3.08,3.04,3.41,2.96,2.37,2.80,2.50,3.68,3.20
2020-06-16,20,,2.80,3.50,2.97,2.97,2.61,2.98,3.63,3.59,3.17,2.64,2.71,2.67,3.07,2.80,3.41,2.66,3.21,2.96,3.33,3.49,3.20,3.45,2.70,2.50,2.79,2.86,2.60,2.43,2.83,2.73,3.55,2.62,2.95,3.04,3.34,2.84,2.39,2.76,2.50,3.47,3.32
2020-06-16,19,,2.64,3.22,2.84,2.82,2.61,2.86,3.40,3.22,3.01,2.55,2.62,2.56,2.96,2.68,3.34,2.56,3.23,2.86,3.17,3.49,3.12,3.41,2.69,2.48,2.63,2.74,2.61,2.31,2.70,2.73,3.26,2.48,2.81,2.95,3.27,2.71,2.27,2.65,2.43,3.25,3.34
2020-06-16,18,,2.52,2.97,2.97,2.63,2.59,2.75,3.17,2.91,2.83,2.52,2.51,2.41,2.88,2.55,3.26,2.49,3.18,2.73,3.02,3.37,3.07,3.32,2.65,2.45,2.55,2.60,2.55,2.28,2.55,2.66,2.83,2.37,2.58,2.74,3.20,2.60,2.08,2.68,2.34,3.05,3.25
2020-06-16,17,,2.47,2.64,3.42,2.26,2.55,2.43,3.16,2.89,2.54,2.57,2.21,2.45,2.68,2.38,2.91,2.35,3.10,2.60,3.12,2.83,3.01,2.87,2.46,2.50,2.59,2.44,2.37,2.34,2.40,2.30,2.24,2.34,2.19,2.30,2.81,2.56,2.03,2.73,2.20,3.02,3.00
2020-06-16,16,,2.49,2.57,3.32,2.18,2.34,2.31,3.33,3.29,2.40,2.46,2.10,2.51,2.52,2.39,2.80,2.29,3.07,2.57,3.25,2.72,3.02,2.76,2.46,2.43,2.67,2.35,2.38,2.30,2.35,2.17,2.11,2.42,2.16,2.20,2.69,2.57,1.95,2.71,2.04,3.21,2.84
2020-06-16,15,2.21,2.48,2.51,3.15,1.97,1.82,2.10,3.29,3.49,2.26,2.22,1.89,2.76,2.27,2.67,2.51,2.16,3.05,2.47,3.49,2.55,2.93,2.53,2.39,2.18,2.69,2.23,2.29,2.27,2.34,1.81,1.85,2.53,2.16,2.14,2.44,2.69,2.00,2.57,1.74,3.24,2.54
2020-06-16,14,2.37,2.46,2.18,2.94,1.81,1.20,1.83,3.15,3.48,1.96,1.91,1.65,2.91,2.16,2.88,2.29,2.04,2.90,2.25,3.63,2.47,2.73,2.38,2.31,1.95,2.77,1.96,2.14,2.39,2.31,1.53,1.68,2.54,2.08,2.04,2.28,2.80,2.00,2.35,1.39,3.12,2.12
2020-06-16,13,2.25,2.37,1.88,2.97,1.66,1.00,1.55,2.84,3.00,1.61,1.89,1.48,2.81,2.12,3.04,2.16,2.00,2.72,2.06,3.60,2.44,2.33,2.30,2.17,1.71,2.79,1.71,1.88,2.71,2.38,1.27,1.64,2.36,1.98,1.83,2.17,2.93,2.08,2.08,1.11,2.72,1.72
2020-06-16,12,2.27,2.26,1.43,3.02,1.60,1.00,1.26,2.67,2.81,1.23,2.33,1.32,2.71,2.08,2.87,2.19,2.02,2.51,1.90,3.40,2.35,1.95,2.27,2.00,1.66,2.93,1.47,1.60,3.02,2.34,1.17,1.62,2.10,1.72,1.56,2.10,2.91,1.99,1.92,1.00,2.48,1.42
2020-06-16,11,1.68,2.11,1.30,3.05,1.55,1.00,1.22,2.53,2.63,1.10,2.27,1.28,2.62,2.04,2.77,2.28,2.00,2.37,1.90,3.20,2.34,1.69,2.31,1.87,1.55,2.89,1.36,1.47,3.19,2.23,1.19,1.61,1.93,1.52,1.43,2.09,2.85,1.92,1.86,1.00,2.28,1.34
2020-06-16,10,1.63,2.03,1.22,2.85,1.54,1.00,1.27,2.36,2.63,1.11,2.10,1.26,2.71,2.04,2.72,2.34,1.95,2.23,1.92,3.32,2.34,1.66,2.34,1.82,1.59,2.81,1.31,1.45,3.24,2.14,1.28,1.61,1.97,1.33,1.50,2.05,2.85,1.86,1.88,1.09,2.22,1.41
2020-06-16,09,1.81,2.07,1.26,2.60,1.56,1.00,1.40,2.29,2.61,1.15,1.72,1.40,2.78,2.04,2.82,2.45,1.81,2.23,1.97,3.71,2.42,1.73,2.43,1.85,1.61,2.69,1.32,1.59,3.29,2.00,1.37,1.62,1.98,1.31,1.59,2.07,2.95,1.88,1.87,1.28,2.21,1.60
2020-06-16,08,2.07,2.31,1.36,2.46,1.68,1.05,1.57,2.25,2.72,1.26,1.91,1.59,2.75,2.07,3.09,2.54,1.76,2.19,1.90,,2.53,1.89,2.53,1.92,1.70,2.73,1.47,1.64,3.21,2.23,1.47,1.64,2.00,1.51,1.71,2.14,2.96,1.98,1.89,1.42,2.29,1.73
2020-06-16,07,2.50,2.60,1.50,2.51,1.84,1.25,1.83,2.29,2.80,1.51,2.04,1.78,2.75,2.13,3.38,2.62,1.79,2.22,1.75,,2.67,2.06,2.64,2.07,1.71,2.77,1.77,1.49,3.19,2.46,1.48,1.65,1.95,1.90,1.83,2.28,2.94,2.17,1.99,1.57,2.38,1.85
2020-06-16,06,2.58,2.78,1.75,2.65,1.96,1.48,2.09,2.42,2.89,1.82,2.04,1.87,2.73,2.21,3.48,2.70,1.88,2.18,1.64,3.13,2.87,2.26,2.79,2.25,1.77,2.89,2.11,1.30,3.11,2.65,1.53,1.76,1.97,2.11,1.93,2.36,3.09,2.36,2.06,1.61,2.53,2.10
2020-06-16,05,2.57,2.72,2.05,2.71,2.07,1.59,2.34,2.52,2.98,2.05,2.10,1.89,2.72,2.34,3.20,2.80,1.99,2.18,1.72,3.10,3.05,2.36,2.92,2.47,1.90,2.87,2.31,1.39,2.98,2.58,1.57,1.83,2.01,2.23,2.06,2.42,2.96,2.54,2.20,1.71,2.62,2.36
2020-06-16,04,2.37,2.57,2.58,2.65,2.32,1.68,2.55,2.57,3.12,2.28,2.34,1.99,2.60,2.52,2.84,2.90,1.97,2.16,1.96,3.04,3.15,2.40,3.03,2.57,2.13,2.84,2.37,1.56,2.68,2.49,1.74,1.93,2.05,2.19,2.16,2.46,2.76,2.54,2.16,1.90,2.70,2.63
2020-06-16,03,2.38,2.48,2.67,2.54,2.62,1.78,2.63,2.76,3.33,2.45,2.66,2.05,2.54,2.64,2.52,2.94,1.90,2.18,2.14,2.93,3.14,2.42,3.04,2.59,2.33,2.78,2.39,1.86,2.46,2.53,1.92,1.97,2.15,2.27,2.25,2.64,2.61,2.46,2.23,2.21,2.84,2.78
2020-06-16,02,2.41,2.47,2.71,2.41,2.72,1.97,2.61,2.95,3.29,2.57,2.87,2.09,2.60,2.66,2.46,2.96,1.80,2.33,2.23,2.88,3.15,2.56,3.05,2.59,2.43,2.73,2.49,2.09,2.32,2.61,2.03,2.07,2.28,2.35,2.30,2.81,2.57,2.30,2.18,2.44,2.93,2.76
2020-06-16,01,2.37,2.45,2.48,2.34,2.59,2.16,2.53,3.13,3.03,2.56,2.80,2.02,2.57,2.52,2.42,2.98,1.72,2.39,2.21,2.98,3.17,2.65,3.07,2.57,2.49,2.70,2.48,2.30,2.32,2.57,2.07,2.15,2.36,2.41,2.32,2.95,2.57,2.25,2.28,2.67,2.94,2.66
2020-06-16,00,2.31,2.41,2.49,2.29,2.38,2.26,2.47,2.97,2.73,2.51,2.63,1.95,2.41,2.36,2.40,2.97,1.74,2.41,2.19,3.01,3.22,2.60,3.10,2.55,2.45,2.60,2.43,2.34,2.32,2.52,2.04,2.23,2.32,2.54,2.34,2.96,2.56,2.24,2.34,2.85,2.76,2.56
2020-06-15,23,2.26,2.36,2.44,2.29,2.30,2.35,2.41,2.75,2.55,2.48,2.48,1.89,2.21,2.28,2.34,2.98,1.78,2.35,2.19,2.94,3.21,2.39,3.10,2.45,2.41,2.53,2.28,2.40,2.27,2.42,1.97,2.27,2.23,2.66,2.28,3.00,2.49,2.24,2.45,2.98,2.56,2.49
2020-06-15,22,2.18,2.31,2.34,2.29,2.39,2.39,2.38,2.56,2.50,2.42,2.39,1.84,2.07,2.29,2.27,3.01,1.86,2.33,2.20,2.71,3.19,2.16,3.10,2.35,2.33,2.40,2.18,2.38,2.17,2.33,1.94,2.27,2.11,2.75,2.23,3.01,2.37,2.19,2.56,2.95,2.40,2.42
2020-06-15,21,2.08,2.20,2.28,2.31,2.56,2.43,2.38,2.47,2.28,2.35,2.31,1.82,2.00,2.34,2.20,3.04,1.87,2.33,2.27,2.52,3.15,2.06,3.09,2.27,2.34,2.25,2.07,2.31,2.09,2.21,1.93,2.25,2.04,2.71,2.12,2.90,2.26,2.12,2.60,2.87,2.27,2.36
2020-06-15,20,1.97,2.13,2.20,2.27,2.67,2.43,2.36,2.52,2.19,2.25,2.16,1.82,2.04,2.31,2.08,2.97,1.86,2.29,2.30,2.48,3.07,2.09,3.02,2.18,2.31,2.12,1.99,2.25,2.13,2.10,1.97,2.18,2.08,2.59,2.04,2.73,2.20,2.13,2.58,2.79,2.27,2.31
2020-06-15,19,1.90,2.12,2.11,2.19,2.56,2.36,2.25,2.66,2.16,2.19,1.88,1.75,2.12,2.19,2.01,2.83,1.82,2.24,2.30,2.55,2.91,2.25,2.87,2.11,2.24,2.05,1.93,2.16,2.09,2.04,1.97,2.13,2.14,2.41,1.98,2.55,2.17,2.18,2.50,2.67,2.36,2.25
2020-06-15,18,1.83,2.15,1.98,2.13,2.35,2.24,2.12,2.75,2.34,2.11,1.62,1.73,2.16,2.05,1.96,2.59,1.84,2.10,2.21,2.69,2.60,2.32,2.59,2.02,2.12,2.04,1.90,2.05,2.00,1.98,1.97,2.01,2.15,2.18,1.95,2.46,2.16,2.26,2.40,2.55,2.47,2.27
2020-06-15,17,1.74,2.08,1.92,2.05,2.10,2.16,1.96,2.68,2.32,2.02,1.53,1.70,2.10,1.93,1.93,2.30,1.88,1.98,2.11,2.93,2.28,2.29,2.29,1.92,1.99,2.08,1.86,1.91,1.87,1.93,1.90,1.87,2.05,1.98,1.84,2.32,2.17,2.30,2.21,2.48,2.43,2.34
2020-06-15,16,1.62,2.05,1.90,1.95,1.88,2.05,1.82,2.44,2.25,1.83,1.56,1.65,2.01,1.82,1.94,1.98,1.89,1.88,1.97,2.88,1.96,2.13,1.97,1.81,1.89,2.11,1.87,1.83,1.84,1.85,1.86,1.69,1.92,1.81,1.72,2.12,2.13,2.28,1.88,1.96,2.28,2.40
2020-06-15,15,1.47,2.24,1.93,1.79,1.56,1.56,1.65,2.23,2.26,1.57,1.50,1.33,1.95,1.58,2.08,1.69,1.70,1.80,1.69,2.69,1.67,2.03,1.68,1.68,1.55,2.22,2.01,1.78,1.84,1.70,1.58,1.43,1.82,1.78,1.58,1.72,2.08,2.09,1.43,1.30,2.17,2.27
2020-06-15,14,1.50,2.19,1.85,1.86,1.48,1.31,1.61,2.26,2.48,1.55,1.40,1.28,2.06,1.53,2.25,1.74,1.84,1.81,1.62,2.63,1.75,2.09,1.75,1.64,1.40,2.22,1.91,1.70,1.93,1.64,1.44,1.38,1.68,1.69,1.57,1.62,2.11,1.90,1.32,1.18,2.27,2.03
2020-06-15,13,1.46,2.09,1.72,1.97,1.36,1.00,1.51,2.26,2.64,1.53,1.23,1.17,2.22,1.46,2.42,1.79,1.78,1.79,1.52,2.52,1.82,2.13,1.81,1.53,1.10,2.26,1.81,1.62,2.22,1.50,1.14,1.26,1.49,1.66,1.55,1.48,2.17,1.68,1.24,1.00,2.34,1.74
2020-06-15,12,1.39,1.87,1.60,2.13,1.29,1.00,1.43,2.18,2.71,1.54,1.23,1.16,2.41,1.45,2.52,1.87,1.78,1.79,1.45,2.31,1.87,1.91,1.87,1.45,1.00,2.23,1.68,1.50,2.43,1.44,1.03,1.21,1.32,1.59,1.47,1.42,2.17,1.56,1.18,1.00,2.27,1.48
2020-06-15,11,1.21,1.75,1.56,2.14,1.27,1.00,1.40,2.15,2.60,1.56,1.27,1.18,2.49,1.43,2.47,1.89,1.57,1.70,1.44,2.18,1.84,1.76,1.87,1.42,1.00,2.19,1.63,1.40,2.58,1.46,1.00,1.15,1.28,1.62,1.43,1.43,2.17,1.58,1.19,1.00,2.17,1.33
2020-06-15,10,1.11,1.64,1.58,2.07,1.28,1.00,1.44,2.13,2.55,1.62,1.58,1.20,2.36,1.47,2.47,2.00,1.59,1.73,1.35,2.26,1.83,1.54,1.92,1.48,1.00,2.13,1.63,1.30,2.58,1.61,1.15,1.18,1.23,1.58,1.37,1.46,2.23,1.61,1.25,1.00,2.07,1.32
2020-06-15,09,1.04,1.68,1.56,1.99,1.32,1.00,1.57,2.12,2.45,1.64,1.91,1.26,2.15,1.56,2.51,2.03,1.63,1.69,1.38,2.22,1.92,1.65,1.97,1.59,1.05,2.15,1.73,1.33,2.69,1.74,1.41,1.22,1.25,1.58,1.40,1.51,2.29,1.68,1.37,1.00,2.07,1.42
2020-06-15,08,1.13,1.91,1.57,2.00,1.33,1.09,1.64,2.14,2.36,1.63,2.09,1.30,2.10,1.57,2.56,2.02,1.66,1.73,1.41,,1.94,1.78,1.98,1.76,1.22,2.26,1.78,1.37,2.58,1.89,1.57,1.40,1.27,1.62,1.40,1.58,2.15,1.74,1.53,1.00,2.09,1.56
2020-06-15,07,1.31,2.15,1.59,1.97,1.41,1.18,1.69,2.19,2.27,1.59,2.33,1.36,2.03,1.59,2.60,2.01,1.73,1.76,1.45,,1.98,1.87,1.99,1.89,1.42,2.37,1.94,1.30,2.33,1.95,1.66,1.55,1.33,1.69,1.41,1.65,2.08,1.92,1.71,1.09,2.11,1.66
2020-06-15,06,,2.32,1.67,1.94,1.49,1.28,1.72,2.29,2.24,1.60,2.47,1.48,1.95,1.63,2.56,2.06,1.85,1.83,1.47,2.09,2.03,1.94,2.04,2.25,1.56,2.25,1.96,1.13,2.12,1.91,1.76,1.76,1.44,1.71,1.45,1.74,2.17,1.97,1.92,1.24,2.16,1.73
2020-06-15,05,,2.23,1.76,1.90,1.65,1.36,1.76,2.39,2.23,1.63,2.43,1.60,1.87,1.69,2.41,2.09,1.88,1.93,1.49,2.03,2.06,1.89,2.08,2.32,1.62,2.20,1.95,1.23,2.04,1.82,1.72,1.88,1.59,1.72,1.52,1.75,2.07,2.06,2.03,1.31,2.17,1.93
2020-06-15,04,,2.13,1.84,1.92,1.71,1.43,1.80,2.47,2.29,1.70,2.34,1.70,1.83,1.75,2.17,2.13,1.90,1.90,1.58,2.03,2.15,1.88,2.14,2.32,1.68,2.07,1.87,1.44,2.08,1.76,1.80,1.98,1.74,1.73,1.56,1.83,2.01,2.01,2.18,1.41,2.21,2.11
2020-06-15,03,,2.00,1.94,1.90,1.79,1.58,1.82,2.46,2.34,1.79,2.31,1.70,1.84,1.79,2.01,2.17,1.88,1.94,1.72,1.99,2.24,1.90,2.21,2.03,1.76,2.05,1.86,1.76,2.02,1.86,1.76,2.03,1.77,1.82,1.59,1.90,1.97,2.07,2.17,1.57,2.23,2.20
2020-06-15,02,,1.92,2.00,1.94,1.82,1.74,1.82,2.45,2.35,1.89,2.31,1.73,1.82,1.87,1.88,2.30,1.95,1.95,1.81,2.02,2.40,2.05,2.35,1.92,1.87,1.95,1.85,1.90,1.94,1.88,1.80,2.07,1.71,1.92,1.60,2.04,1.93,2.04,2.18,1.85,2.28,2.10
2020-06-15,01,,1.80,2.02,1.90,2.02,1.98,1.83,2.46,2.11,2.03,2.27,1.79,1.79,1.99,1.81,2.49,1.92,2.03,1.84,2.03,2.68,2.17,2.59,1.85,1.97,1.95,1.81,1.81,1.72,1.86,1.83,2.08,1.65,2.04,1.68,2.09,1.85,2.09,2.15,2.12,2.25,1.96
2020-06-15,00,,1.77,1.99,1.84,2.06,1.99,1.84,2.39,2.05,2.04,2.28,1.79,1.74,2.04,1.80,2.50,1.90,1.95,1.86,2.04,2.67,2.08,2.58,1.84,1.97,1.97,1.80,1.77,1.66,1.85,1.80,2.07,1.64,2.05,1.73,2.04,1.84,2.06,2.12,2.12,2.17,1.90
2020-06-14,23,,1.70,1.96,1.70,2.04,1.98,1.87,2.21,1.91,2.00,2.27,1.76,1.59,2.10,1.74,2.42,1.82,1.75,1.87,1.94,2.58,1.88,2.50,1.83,1.89,1.95,1.76,1.70,1.55,1.81,1.73,2.02,1.60,2.08,1.82,1.91,1.76,2.03,1.98,2.11,2.00,1.84
2020-06-14,22,1.48,1.73,1.94,1.69,2.01,1.99,1.86,2.21,1.88,1.97,2.24,1.75,1.57,2.04,1.74,2.32,1.81,1.69,1.93,1.86,2.48,1.88,2.40,1.82,1.82,1.91,1.73,1.69,1.53,1.80,1.73,2.01,1.60,2.11,1.80,1.88,1.73,2.06,1.93,2.11,1.99,1.81
2020-06-14,21,1.41,1.76,1.89,1.70,1.92,1.97,1.83,2.14,1.83,1.91,2.17,1.75,1.51,1.92,1.72,2.15,1.77,1.60,1.95,1.72,2.30,1.80,2.22,1.82,1.68,1.83,1.70,1.68,1.50,1.78,1.76,1.97,1.59,2.11,1.76,1.85,1.68,2.05,1.82,2.12,1.92,1.78
2020-06-14,20,1.38,1.79,1.80,1.70,1.94,1.94,1.76,2.05,1.77,1.90,2.05,1.73,1.52,1.81,1.70,2.01,1.76,1.54,1.97,1.65,2.19,1.71,2.10,1.79,1.60,1.78,1.66,1.69,1.49,1.77,1.79,1.92,1.57,2.10,1.67,1.83,1.65,1.99,1.82,2.11,1.85,1.78
2020-06-14,19,1.40,1.79,1.77,1.69,1.95,1.88,1.69,2.02,1.74,1.86,1.91,1.69,1.48,1.73,1.67,1.94,1.74,1.53,1.90,1.59,2.11,1.62,2.03,1.73,1.55,1.76,1.67,1.70,1.47,1.75,1.81,1.85,1.51,2.00,1.58,1.81,1.62,1.87,1.81,2.06,1.79,1.77
2020-06-14,18,1.43,1.77,1.72,1.65,1.96,1.83,1.63,2.00,1.79,1.77,1.81,1.63,1.48,1.68,1.62,1.89,1.70,1.52,1.84,1.54,2.05,1.60,1.97,1.63,1.51,1.77,1.66,1.65,1.47,1.72,1.80,1.76,1.45,1.91,1.50,1.73,1.58,1.75,1.80,1.97,1.80,1.74
2020-06-14,17,1.43,1.72,1.67,1.66,1.89,1.80,1.55,2.03,1.82,1.63,1.77,1.59,1.41,1.58,1.63,1.83,1.65,1.51,1.75,1.48,1.95,1.59,1.89,1.51,1.44,1.80,1.59,1.59,1.43,1.65,1.78,1.68,1.38,1.80,1.43,1.65,1.55,1.61,1.69,1.83,1.81,1.68
2020-06-14,16,1.36,1.65,1.58,1.68,1.72,1.71,1.48,1.95,1.81,1.48,1.68,1.52,1.39,1.49,1.59,1.73,1.58,1.47,1.75,1.48,1.84,1.60,1.78,1.41,1.36,1.79,1.48,1.55,1.40,1.56,1.75,1.57,1.32,1.68,1.36,1.58,1.51,1.47,1.61,1.62,1.79,1.58
2020-06-14,15,1.29,1.56,1.53,1.67,1.53,1.52,1.38,1.87,1.75,1.33,1.50,1.45,1.36,1.37,1.52,1.68,1.46,1.36,1.77,1.51,1.78,1.58,1.73,1.31,1.32,1.72,1.42,1.46,1.33,1.41,1.64,1.43,1.29,1.60,1.29,1.56,1.45,1.35,1.48,1.33,1.74,1.41
2020-06-14,14,1.14,1.46,1.50,1.53,1.31,1.12,1.30,1.71,1.76,1.18,1.18,1.33,1.57,1.31,1.49,1.69,1.36,1.00,1.84,1.63,1.75,1.50,1.72,1.18,1.23,1.63,1.46,1.14,1.25,1.20,1.39,1.25,1.28,1.65,1.17,1.52,1.39,1.22,1.24,1.00,1.66,1.16
2020-06-14,13,1.19,1.43,1.41,1.63,1.23,1.03,1.25,1.68,1.80,1.07,1.16,1.33,1.60,1.35,1.48,1.66,1.34,1.00,1.84,1.67,1.72,1.40,1.69,1.17,1.11,1.63,1.42,1.00,1.36,1.18,1.34,1.23,1.15,1.65,1.12,1.50,1.42,1.21,1.16,1.00,1.63,1.07
2020-06-14,12,1.84,1.42,1.39,1.71,1.11,1.00,1.23,1.75,1.89,1.00,1.10,1.35,1.59,1.45,1.57,1.64,6.33,1.00,1.88,1.69,1.67,1.25,1.66,1.07,1.00,1.60,1.36,1.00,1.64,1.19,1.29,1.21,1.07,1.68,1.11,1.39,1.52,1.19,1.08,1.00,1.63,1.02
2020-06-14,11,2.47,1.44,1.41,1.87,1.03,1.00,1.25,1.90,2.01,1.00,1.08,1.39,1.51,1.53,1.58,1.64,7.35,1.00,1.96,1.64,1.63,1.21,1.64,1.06,1.00,1.56,1.33,1.00,1.74,1.28,1.30,1.29,1.00,1.53,1.15,1.29,1.56,1.21,1.04,1.00,1.71,1.04
2020-06-14,10,2.46,1.61,1.56,1.95,1.01,1.07,1.38,2.04,2.15,1.00,1.10,1.50,1.44,1.65,1.66,1.69,7.62,1.10,2.16,1.65,1.65,1.40,1.67,1.12,1.00,1.64,1.40,1.00,1.76,1.39,1.41,1.29,1.01,1.44,1.28,1.18,1.61,1.23,1.11,1.00,1.86,1.06
2020-06-14,09,2.14,1.81,1.70,1.95,1.03,1.33,1.52,2.07,2.17,1.00,1.13,1.60,1.49,1.71,1.65,1.76,2.84,1.22,2.35,1.59,1.72,1.61,1.74,1.42,1.13,1.81,1.46,1.00,1.69,1.44,1.53,1.39,1.15,1.37,1.36,1.18,1.59,1.27,1.20,1.00,1.95,1.19
2020-06-14,08,2.73,2.10,2.07,1.95,1.10,1.81,1.65,2.03,2.23,1.00,1.21,1.77,1.60,1.84,1.67,1.79,2.15,1.67,2.43,,1.86,1.82,1.83,1.60,1.48,2.09,1.54,,1.85,1.46,1.72,1.54,1.41,1.40,1.53,1.24,1.58,1.32,1.32,1.00,2.03,1.39
2020-06-14,07,2.35,2.04,2.22,1.97,1.24,2.25,1.64,2.15,2.26,1.12,1.24,1.79,1.65,1.86,1.78,1.83,2.29,2.03,2.18,1.62,1.89,2.00,1.86,1.86,1.76,2.01,1.64,1.14,1.79,1.55,1.68,1.75,1.54,1.48,1.54,1.29,1.68,1.41,1.41,1.00,2.13,1.42
2020-06-14,06,2.05,1.99,2.40,2.17,1.41,2.36,1.62,2.38,2.59,1.29,1.31,1.86,1.91,1.89,1.99,1.85,2.59,2.47,1.91,1.70,1.97,2.24,1.91,2.11,1.97,2.15,1.82,1.41,1.78,1.81,1.69,1.86,1.74,1.55,1.61,1.37,1.82,1.46,1.55,1.00,2.40,1.43
2020-06-14,05,1.49,1.94,2.46,2.28,1.52,2.10,1.65,2.68,2.94,1.61,1.35,1.90,2.20,1.88,2.18,1.93,2.74,2.72,1.71,1.97,2.04,2.43,1.98,2.10,1.87,2.29,2.08,1.51,1.87,2.21,1.64,1.92,1.88,1.64,1.69,1.43,2.06,1.43,1.61,1.15,2.68,1.46
2020-06-14,04,1.52,2.17,2.43,2.36,1.57,1.80,1.74,2.91,3.07,1.83,1.38,1.93,2.40,1.97,2.29,1.99,2.67,2.52,1.69,2.24,2.10,2.56,2.04,2.00,1.75,2.49,2.50,1.64,2.10,2.49,1.65,1.90,2.00,1.65,1.80,1.51,2.28,1.37,1.68,1.25,2.85,1.53
2020-06-14,03,1.57,2.36,2.56,2.31,1.61,1.89,1.85,3.02,3.00,1.95,1.42,2.00,2.41,2.07,2.29,2.06,2.36,2.31,1.69,2.40,2.15,2.69,2.11,1.76,1.73,2.47,2.60,1.84,2.23,2.61,1.64,1.86,2.10,1.65,1.93,1.60,2.39,1.32,1.71,1.46,2.90,1.55
2020-06-14,02,1.60,2.46,2.66,2.33,1.62,2.10,1.94,3.20,2.82,1.93,1.41,2.01,2.30,2.21,2.26,2.16,2.07,1.98,1.70,2.44,2.29,2.84,2.22,1.70,1.80,2.49,2.53,1.98,2.29,2.59,1.67,1.73,2.28,1.65,1.94,1.72,2.39,1.36,1.70,1.67,2.95,1.52
2020-06-14,01,1.55,2.32,2.76,2.33,1.66,2.26,1.98,3.22,2.80,2.00,1.42,2.01,2.31,2.24,2.28,2.26,1.93,1.80,1.72,2.40,2.41,2.92,2.33,1.71,1.88,2.49,2.23,2.12,2.26,2.60,1.77,1.71,2.37,1.63,1.92,1.81,2.38,1.38,1.63,1.91,2.98,1.50
2020-06-14,00,,2.22,2.66,2.41,1.66,2.27,2.00,3.15,2.75,2.10,1.36,1.91,2.33,2.22,2.29,2.38,1.90,1.66,1.73,2.45,2.54,2.90,2.46,1.78,1.90,2.45,2.21,2.16,2.28,2.45,1.85,1.71,2.39,1.66,1.87,1.90,2.37,1.40,1.56,2.02,2.93,1.49
2020-06-13,23,,2.09,2.42,2.57,1.69,2.16,1.95,2.87,2.68,2.09,1.24,1.81,2.38,2.09,2.18,2.52,1.87,1.60,1.74,2.53,2.64,2.84,2.58,1.88,1.86,2.32,2.21,2.18,2.30,2.10,1.95,1.71,2.33,1.66,1.87,2.09,2.27,1.41,1.62,2.06,2.80,1.49
2020-06-13,22,,2.10,2.40,2.54,1.69,2.16,1.93,2.94,2.66,2.06,1.21,1.82,2.31,2.11,2.19,2.47,1.86,1.59,1.74,2.50,2.64,2.76,2.56,1.84,1.84,2.31,2.19,2.12,2.27,2.08,1.95,1.70,2.31,1.63,1.85,2.18,2.26,1.41,1.59,2.04,2.78,1.46
2020-06-13,21,,2.08,2.36,2.45,1.65,2.16,1.90,2.87,2.58,1.99,1.16,1.82,2.21,2.15,2.15,2.36,1.83,1.54,1.73,2.47,2.55,2.62,2.45,1.83,1.83,2.31,2.19,2.08,2.16,2.06,1.96,1.66,2.21,1.58,1.84,2.23,2.21,1.40,1.50,1.99,2.69,1.38
2020-06-13,20,,2.07,2.32,2.29,1.58,2.15,1.89,2.75,2.44,1.91,1.09,1.81,2.12,2.17,2.16,2.10,1.77,1.49,1.71,2.38,2.29,2.39,2.20,1.78,1.81,2.26,2.18,2.02,2.02,2.06,1.95,1.67,2.16,1.56,1.82,2.14,2.16,1.33,1.40,1.87,2.52,1.25
2020-06-13,19,,2.01,2.26,2.09,1.51,2.13,1.84,2.46,2.23,1.86,1.02,1.79,2.07,2.16,2.13,1.86,1.70,1.44,1.69,2.25,2.00,2.20,1.93,1.74,1.81,2.20,2.12,2.00,1.91,2.04,1.93,1.69,2.09,1.60,1.77,1.93,2.08,1.24,1.34,1.73,2.29,1.13
2020-06-13,18,,1.91,2.14,1.90,1.53,2.15,1.77,2.18,2.02,1.83,1.00,1.76,1.98,2.03,2.04,1.70,1.63,1.43,1.67,2.10,1.83,2.01,1.77,1.69,1.77,2.10,1.97,1.91,1.84,1.99,1.84,1.71,2.02,1.69,1.64,1.78,1.99,1.18,1.34,1.57,2.07,1.04
2020-06-13,17,,1.79,1.97,1.75,1.63,2.11,1.63,1.96,1.91,1.74,1.00,1.70,1.82,1.86,1.90,1.66,1.58,1.43,1.62,1.95,1.75,1.86,1.70,1.64,1.68,1.94,1.76,1.79,1.75,1.86,1.74,1.88,1.87,1.69,1.50,1.67,1.87,1.16,1.34,1.47,1.91,1.00
2020-06-13,16,,1.63,1.79,1.65,1.69,2.01,1.47,1.81,1.82,1.60,1.00,1.58,1.67,1.67,1.71,1.60,1.53,1.32,1.52,1.83,1.71,1.73,1.66,1.58,1.54,1.78,1.65,1.63,1.63,1.69,1.61,1.75,1.70,1.60,1.38,1.58,1.71,1.18,1.38,1.38,1.79,1.00
2020-06-13,15,,1.51,1.62,1.57,1.61,1.78,1.34,1.70,1.73,1.44,1.00,1.44,1.55,1.52,1.55,1.59,1.46,1.09,1.40,1.70,1.65,1.62,1.62,1.41,1.42,1.66,1.59,1.45,1.51,1.54,1.52,1.55,1.56,1.46,1.31,1.44,1.58,1.21,1.41,1.34,1.68,1.00
2020-06-13,14,,1.42,1.41,1.48,1.36,1.54,1.25,1.55,1.61,1.25,1.00,1.29,1.48,1.33,1.46,1.58,1.34,1.00,,1.68,1.64,1.49,1.61,1.21,1.31,1.55,1.55,1.24,1.46,1.51,1.35,1.20,1.47,1.40,1.19,1.31,1.53,1.26,1.40,1.29,1.55,1.00
2020-06-13,13,,1.30,1.23,1.42,1.09,1.24,1.19,1.43,1.53,1.02,1.00,1.19,1.45,1.20,1.44,1.64,1.21,1.00,,1.66,1.61,1.41,1.63,1.01,1.21,1.47,1.49,1.00,1.47,1.56,1.16,1.08,1.40,1.42,1.04,1.24,1.53,1.32,1.33,1.27,1.46,1.00
2020-06-13,12,1.00,1.23,1.09,1.36,1.00,1.00,1.09,1.38,1.48,1.00,1.00,1.23,1.42,1.12,1.42,1.66,1.10,1.00,,1.60,1.64,1.38,1.65,1.00,1.12,1.43,1.43,1.00,1.53,1.51,1.04,1.00,1.35,1.46,1.00,1.22,1.52,1.37,1.22,1.24,1.41,1.00
2020-06-13,11,1.00,1.17,1.03,1.34,1.09,1.00,1.02,1.38,1.44,1.00,1.00,1.14,1.42,1.20,1.40,1.74,1.07,1.00,,1.53,1.71,1.38,1.73,1.05,1.09,1.39,1.44,1.00,1.55,1.42,1.04,1.00,1.31,1.51,1.00,1.25,1.48,1.43,1.18,1.20,1.40,1.00
2020-06-13,10,1.00,1.21,1.00,1.33,1.21,1.00,1.00,1.40,1.44,1.11,1.00,1.07,1.40,1.31,1.37,1.86,1.11,1.00,,1.54,1.89,1.42,1.88,1.19,1.11,1.41,1.49,1.00,1.55,1.33,1.09,1.00,1.31,1.55,1.04,1.37,1.45,1.43,1.21,1.13,1.42,1.00
2020-06-13,09,1.10,1.28,1.00,1.39,1.29,1.00,1.00,1.46,1.53,1.16,1.00,1.00,1.41,1.41,1.44,2.03,1.13,1.00,,1.56,2.07,1.50,2.05,1.25,1.15,1.43,1.58,1.13,1.49,1.34,1.16,1.00,1.38,1.62,1.14,1.53,1.46,1.39,1.31,1.04,1.50,1.00
2020-06-13,08,1.12,1.37,1.15,1.48,1.37,1.00,1.08,1.54,1.74,1.18,1.00,1.00,1.45,1.55,1.56,2.20,1.24,1.19,,1.63,2.24,1.60,2.22,1.26,1.20,1.49,1.67,1.28,1.51,1.44,1.22,1.00,1.44,1.67,1.33,1.70,1.54,1.30,1.37,1.01,1.63,1.00
2020-06-13,07,1.10,1.49,1.42,1.60,1.52,1.04,1.20,1.61,1.86,1.37,1.06,1.00,1.49,1.69,1.68,2.25,1.35,1.40,,1.83,2.32,1.71,2.29,1.30,1.27,1.54,1.79,1.39,1.58,1.55,1.34,1.00,1.54,1.74,1.34,1.85,1.66,1.25,1.37,1.03,1.73,1.00
